,tenure,MonthlyCharges,Contract,Churn,duration,event
count,1000.0,1000.0,1000.0,1000.0,1000.0,1000.0
mean,35.489,70.51532,0.992,0.521,35.489,0.521
std,20.709484826082992,29.311927541425757,0.8225646555819262,0.49980877224075293,20.709484826082992,0.49980877224075293
min,1.0,20.49,0.0,0.0,1.0,0.0
25%,17.0,44.0325,0.0,0.0,17.0,0.0
50%,35.0,71.805,1.0,1.0,35.0,1.0
75%,54.0,96.0475,2.0,1.0,54.0,1.0
max,71.0,119.94,2.0,1.0,71.0,1.0
